turn_id,strategy_id,model_id,direction,maximum_edge,best_open_time,best_open_price,best_close_time,best_close_price,preliminary_status,causal_mode_in_status,final_capture_class,causal_reason,review_notes
2026-08-14_132024.SH_T001,maker_132024_v01_priority,maker_priority_v1_37_candidate,sell_then_buy,1.968,09:31:51,137.268,09:35:13,135.3,economic_pair_within_turn_needs_overlap_review,unreviewed,unreviewed,,
2026-08-14_132024.SH_T001,maker_132024_v01_queue,maker_queue_v1_0,sell_then_buy,1.968,09:31:51,137.268,09:35:13,135.3,preexisting_reaching_order_needs_execution_audit,unreviewed,unreviewed,,
2026-08-14_132024.SH_T002,maker_132024_v01_priority,maker_priority_v1_37_candidate,buy_then_sell,0.35,09:35:13,135.3,09:44:07,135.65,economic_pair_nearby_needs_cross_turn_review,unreviewed,unreviewed,,
2026-08-14_132024.SH_T002,maker_132024_v01_queue,maker_queue_v1_0,buy_then_sell,0.35,09:35:13,135.3,09:44:07,135.65,opening_inventory_or_cash_capacity_blocked,unreviewed,unreviewed,,
2026-08-14_132024.SH_T003,maker_132024_v01_priority,maker_priority_v1_37_candidate,sell_then_buy,0.099,09:44:07,135.65,09:45:17,135.551,preexisting_reaching_order_needs_execution_audit,unreviewed,unreviewed,,
2026-08-14_132024.SH_T003,maker_132024_v01_queue,maker_queue_v1_0,sell_then_buy,0.099,09:44:07,135.65,09:45:17,135.551,causal_mode_in_review_required,unreviewed,unreviewed,,
2026-08-14_132024.SH_T004,maker_132024_v01_priority,maker_priority_v1_37_candidate,buy_then_sell,0.375,09:45:17,135.551,09:51:41,135.926,economic_pair_cross_turn_600s_needs_path_review,unreviewed,unreviewed,,
2026-08-14_132024.SH_T004,maker_132024_v01_queue,maker_queue_v1_0,buy_then_sell,0.375,09:45:17,135.551,09:51:41,135.926,opening_inventory_or_cash_capacity_blocked,unreviewed,unreviewed,,
2026-08-14_132024.SH_T005,maker_132024_v01_priority,maker_priority_v1_37_candidate,buy_then_sell,1.069,09:52:05,135.927,09:54:05,136.996,exact_best_pair_capture,unreviewed,unreviewed,,
2026-08-14_132024.SH_T005,maker_132024_v01_queue,maker_queue_v1_0,buy_then_sell,1.069,09:52:05,135.927,09:54:05,136.996,opening_inventory_or_cash_capacity_blocked,unreviewed,unreviewed,,
2026-08-14_132024.SH_T006,maker_132024_v01_priority,maker_priority_v1_37_candidate,sell_then_buy,0.384,09:54:05,136.996,09:54:20,136.612,economic_pair_nearby_needs_cross_turn_review,unreviewed,unreviewed,,
2026-08-14_132024.SH_T006,maker_132024_v01_queue,maker_queue_v1_0,sell_then_buy,0.384,09:54:05,136.996,09:54:20,136.612,preexisting_reaching_order_needs_execution_audit,unreviewed,unreviewed,,
2026-08-14_132024.SH_T007,maker_132024_v01_priority,maker_priority_v1_37_candidate,sell_then_buy,0.398,09:56:17,136.599,09:56:20,136.201,economic_pair_cross_turn_600s_needs_path_review,unreviewed,unreviewed,,
2026-08-14_132024.SH_T007,maker_132024_v01_queue,maker_queue_v1_0,sell_then_buy,0.398,09:56:17,136.599,09:56:20,136.201,preexisting_reaching_order_needs_execution_audit,unreviewed,unreviewed,,
2026-08-14_132024.SH_T008,maker_132024_v01_priority,maker_priority_v1_37_candidate,buy_then_sell,0.755,09:56:20,136.201,09:58:54,136.956,exact_best_pair_capture,unreviewed,unreviewed,,
2026-08-14_132024.SH_T008,maker_132024_v01_queue,maker_queue_v1_0,buy_then_sell,0.755,09:56:20,136.201,09:58:54,136.956,opening_inventory_or_cash_capacity_blocked,unreviewed,unreviewed,,
2026-08-14_132024.SH_T009,maker_132024_v01_priority,maker_priority_v1_37_candidate,sell_then_buy,0.945,09:58:54,136.956,09:59:52,136.011,exact_best_pair_capture,unreviewed,unreviewed,,
2026-08-14_132024.SH_T009,maker_132024_v01_queue,maker_queue_v1_0,sell_then_buy,0.945,09:58:54,136.956,09:59:52,136.011,causal_mode_in_review_required,unreviewed,unreviewed,,
2026-08-14_132024.SH_T010,maker_132024_v01_priority,maker_priority_v1_37_candidate,buy_then_sell,0.488,09:59:52,136.011,10:06:23,136.499,economic_pair_nearby_needs_cross_turn_review,unreviewed,unreviewed,,
2026-08-14_132024.SH_T010,maker_132024_v01_queue,maker_queue_v1_0,buy_then_sell,0.488,09:59:52,136.011,10:06:23,136.499,opening_inventory_or_cash_capacity_blocked,unreviewed,unreviewed,,
2026-08-14_132024.SH_T011,maker_132024_v01_priority,maker_priority_v1_37_candidate,sell_then_buy,0.288,10:06:23,136.499,10:07:33,136.211,economic_pair_cross_turn_600s_needs_path_review,unreviewed,unreviewed,,
2026-08-14_132024.SH_T011,maker_132024_v01_queue,maker_queue_v1_0,sell_then_buy,0.288,10:06:23,136.499,10:07:33,136.211,preexisting_reaching_order_needs_execution_audit,unreviewed,unreviewed,,
2026-08-14_132024.SH_T012,maker_132024_v01_priority,maker_priority_v1_37_candidate,buy_then_sell,0.461,10:07:33,136.211,10:11:05,136.672,economic_pair_within_turn_needs_overlap_review,unreviewed,unreviewed,,
2026-08-14_132024.SH_T012,maker_132024_v01_queue,maker_queue_v1_0,buy_then_sell,0.461,10:07:33,136.211,10:11:05,136.672,causal_mode_in_review_required,unreviewed,unreviewed,,
2026-08-14_132024.SH_T013,maker_132024_v01_priority,maker_priority_v1_37_candidate,sell_then_buy,0.272,10:11:05,136.672,10:13:46,136.4,economic_pair_cross_turn_600s_needs_path_review,unreviewed,unreviewed,,
2026-08-14_132024.SH_T013,maker_132024_v01_queue,maker_queue_v1_0,sell_then_buy,0.272,10:11:05,136.672,10:13:46,136.4,causal_mode_in_review_required,unreviewed,unreviewed,,
2026-08-14_132024.SH_T014,maker_132024_v01_priority,maker_priority_v1_37_candidate,buy_then_sell,0.1,10:13:46,136.4,10:13:57,136.5,economic_pair_cross_turn_600s_needs_path_review,unreviewed,unreviewed,,
2026-08-14_132024.SH_T014,maker_132024_v01_queue,maker_queue_v1_0,buy_then_sell,0.1,10:13:46,136.4,10:13:57,136.5,causal_mode_in_review_required,unreviewed,unreviewed,,
2026-08-14_132024.SH_T015,maker_132024_v01_priority,maker_priority_v1_37_candidate,sell_then_buy,0.3,10:13:57,136.5,10:14:21,136.2,causal_mode_in_review_required,unreviewed,unreviewed,,
2026-08-14_132024.SH_T015,maker_132024_v01_queue,maker_queue_v1_0,sell_then_buy,0.3,10:13:57,136.5,10:14:21,136.2,causal_mode_in_review_required,unreviewed,unreviewed,,
2026-08-14_132024.SH_T016,maker_132024_v01_priority,maker_priority_v1_37_candidate,buy_then_sell,0.5,10:14:21,136.2,10:21:04,136.7,economic_pair_cross_turn_600s_needs_path_review,unreviewed,unreviewed,,
2026-08-14_132024.SH_T016,maker_132024_v01_queue,maker_queue_v1_0,buy_then_sell,0.5,10:14:21,136.2,10:21:04,136.7,causal_mode_in_review_required,unreviewed,unreviewed,,
2026-08-14_132024.SH_T017,maker_132024_v01_priority,maker_priority_v1_37_candidate,sell_then_buy,0.199,10:21:04,136.7,10:21:06,136.501,causal_mode_in_review_required,unreviewed,unreviewed,,
2026-08-14_132024.SH_T017,maker_132024_v01_queue,maker_queue_v1_0,sell_then_buy,0.199,10:21:04,136.7,10:21:06,136.501,causal_mode_in_review_required,unreviewed,unreviewed,,
2026-08-14_132024.SH_T018,maker_132024_v01_priority,maker_priority_v1_37_candidate,buy_then_sell,0.299,10:21:06,136.501,10:21:07,136.8,causal_mode_in_review_required,unreviewed,unreviewed,,
2026-08-14_132024.SH_T018,maker_132024_v01_queue,maker_queue_v1_0,buy_then_sell,0.299,10:21:06,136.501,10:21:07,136.8,causal_mode_in_review_required,unreviewed,unreviewed,,
2026-08-14_132024.SH_T019,maker_132024_v01_priority,maker_priority_v1_37_candidate,sell_then_buy,0.298,10:21:07,136.8,10:21:10,136.502,causal_mode_in_review_required,unreviewed,unreviewed,,
2026-08-14_132024.SH_T019,maker_132024_v01_queue,maker_queue_v1_0,sell_then_buy,0.298,10:21:07,136.8,10:21:10,136.502,preexisting_reaching_order_needs_execution_audit,unreviewed,unreviewed,,
2026-08-14_132024.SH_T020,maker_132024_v01_priority,maker_priority_v1_37_candidate,buy_then_sell,0.296,10:21:10,136.502,10:21:52,136.798,causal_mode_in_review_required,unreviewed,unreviewed,,
2026-08-14_132024.SH_T020,maker_132024_v01_queue,maker_queue_v1_0,buy_then_sell,0.296,10:21:10,136.502,10:21:52,136.798,preexisting_reaching_order_needs_execution_audit,unreviewed,unreviewed,,
2026-08-14_132024.SH_T021,maker_132024_v01_priority,maker_priority_v1_37_candidate,sell_then_buy,0.247,10:21:52,136.798,10:22:06,136.551,exact_best_pair_capture,unreviewed,unreviewed,,
2026-08-14_132024.SH_T021,maker_132024_v01_queue,maker_queue_v1_0,sell_then_buy,0.247,10:21:52,136.798,10:22:06,136.551,opening_inventory_or_cash_capacity_blocked,unreviewed,unreviewed,,
2026-08-14_132024.SH_T022,maker_132024_v01_priority,maker_priority_v1_37_candidate,buy_then_sell,0.148,10:22:06,136.551,10:22:25,136.699,economic_pair_cross_turn_600s_needs_path_review,unreviewed,unreviewed,,
2026-08-14_132024.SH_T022,maker_132024_v01_queue,maker_queue_v1_0,buy_then_sell,0.148,10:22:06,136.551,10:22:25,136.699,preexisting_reaching_order_needs_execution_audit,unreviewed,unreviewed,,
2026-08-14_132024.SH_T023,maker_132024_v01_priority,maker_priority_v1_37_candidate,sell_then_buy,0.199,10:22:25,136.699,10:22:29,136.5,causal_mode_in_review_required,unreviewed,unreviewed,,
2026-08-14_132024.SH_T023,maker_132024_v01_queue,maker_queue_v1_0,sell_then_buy,0.199,10:22:25,136.699,10:22:29,136.5,opening_inventory_or_cash_capacity_blocked,unreviewed,unreviewed,,
2026-08-14_132024.SH_T024,maker_132024_v01_priority,maker_priority_v1_37_candidate,buy_then_sell,0.797,10:22:29,136.5,10:27:47,137.297,economic_pair_nearby_needs_cross_turn_review,unreviewed,unreviewed,,
2026-08-14_132024.SH_T024,maker_132024_v01_queue,maker_queue_v1_0,buy_then_sell,0.797,10:22:29,136.5,10:27:47,137.297,preexisting_reaching_order_needs_execution_audit,unreviewed,unreviewed,,
2026-08-14_132024.SH_T025,maker_132024_v01_priority,maker_priority_v1_37_candidate,sell_then_buy,0.297,10:27:47,137.297,10:30:45,137.0,economic_pair_cross_turn_600s_needs_path_review,unreviewed,unreviewed,,
2026-08-14_132024.SH_T025,maker_132024_v01_queue,maker_queue_v1_0,sell_then_buy,0.297,10:27:47,137.297,10:30:45,137.0,opening_inventory_or_cash_capacity_blocked,unreviewed,unreviewed,,
2026-08-14_132024.SH_T026,maker_132024_v01_priority,maker_priority_v1_37_candidate,sell_then_buy,0.001,10:30:59,137.0,10:30:59,136.999,economic_pair_cross_turn_600s_needs_path_review,unreviewed,unreviewed,,
2026-08-14_132024.SH_T026,maker_132024_v01_queue,maker_queue_v1_0,sell_then_buy,0.001,10:30:59,137.0,10:30:59,136.999,opening_inventory_or_cash_capacity_blocked,unreviewed,unreviewed,,
2026-08-14_132024.SH_T027,maker_132024_v01_priority,maker_priority_v1_37_candidate,buy_then_sell,0.001,10:30:59,136.999,10:31:15,137.0,causal_mode_in_review_required,unreviewed,unreviewed,,
2026-08-14_132024.SH_T027,maker_132024_v01_queue,maker_queue_v1_0,buy_then_sell,0.001,10:30:59,136.999,10:31:15,137.0,causal_mode_in_review_required,unreviewed,unreviewed,,
2026-08-14_132024.SH_T028,maker_132024_v01_priority,maker_priority_v1_37_candidate,sell_then_buy,0.449,10:31:15,137.0,10:37:27,136.551,economic_pair_cross_turn_600s_needs_path_review,unreviewed,unreviewed,,
2026-08-14_132024.SH_T028,maker_132024_v01_queue,maker_queue_v1_0,sell_then_buy,0.449,10:31:15,137.0,10:37:27,136.551,opening_inventory_or_cash_capacity_blocked,unreviewed,unreviewed,,
2026-08-14_132024.SH_T029,maker_132024_v01_priority,maker_priority_v1_37_candidate,buy_then_sell,0.437,10:37:27,136.551,10:43:41,136.988,economic_pair_cross_turn_600s_needs_path_review,unreviewed,unreviewed,,
2026-08-14_132024.SH_T029,maker_132024_v01_queue,maker_queue_v1_0,buy_then_sell,0.437,10:37:27,136.551,10:43:41,136.988,preexisting_reaching_order_needs_execution_audit,unreviewed,unreviewed,,
2026-08-14_132024.SH_T030,maker_132024_v01_priority,maker_priority_v1_37_candidate,sell_then_buy,0.238,10:43:41,136.988,10:44:11,136.75,causal_mode_in_review_required,unreviewed,unreviewed,,
2026-08-14_132024.SH_T030,maker_132024_v01_queue,maker_queue_v1_0,sell_then_buy,0.238,10:43:41,136.988,10:44:11,136.75,opening_inventory_or_cash_capacity_blocked,unreviewed,unreviewed,,
2026-08-14_132024.SH_T031,maker_132024_v01_priority,maker_priority_v1_37_candidate,buy_then_sell,0.15,10:44:11,136.75,10:44:16,136.9,economic_pair_cross_turn_600s_needs_path_review,unreviewed,unreviewed,,
2026-08-14_132024.SH_T031,maker_132024_v01_queue,maker_queue_v1_0,buy_then_sell,0.15,10:44:11,136.75,10:44:16,136.9,causal_mode_in_review_required,unreviewed,unreviewed,,
2026-08-14_132024.SH_T032,maker_132024_v01_priority,maker_priority_v1_37_candidate,sell_then_buy,0.1,10:44:16,136.9,10:46:44,136.8,causal_mode_in_review_required,unreviewed,unreviewed,,
2026-08-14_132024.SH_T032,maker_132024_v01_queue,maker_queue_v1_0,sell_then_buy,0.1,10:44:16,136.9,10:46:44,136.8,opening_inventory_or_cash_capacity_blocked,unreviewed,unreviewed,,
2026-08-14_132024.SH_T033,maker_132024_v01_priority,maker_priority_v1_37_candidate,sell_then_buy,0.25,10:47:51,136.8,10:50:34,136.55,causal_mode_in_review_required,unreviewed,unreviewed,,
2026-08-14_132024.SH_T033,maker_132024_v01_queue,maker_queue_v1_0,sell_then_buy,0.25,10:47:51,136.8,10:50:34,136.55,opening_inventory_or_cash_capacity_blocked,unreviewed,unreviewed,,
2026-08-14_132024.SH_T034,maker_132024_v01_priority,maker_priority_v1_37_candidate,buy_then_sell,0.198,10:50:34,136.55,10:51:09,136.748,economic_pair_nearby_needs_cross_turn_review,unreviewed,unreviewed,,
2026-08-14_132024.SH_T034,maker_132024_v01_queue,maker_queue_v1_0,buy_then_sell,0.198,10:50:34,136.55,10:51:09,136.748,causal_mode_in_review_required,unreviewed,unreviewed,,
2026-08-14_132024.SH_T035,maker_132024_v01_priority,maker_priority_v1_37_candidate,sell_then_buy,0.248,10:51:09,136.748,10:53:39,136.5,economic_pair_cross_turn_600s_needs_path_review,unreviewed,unreviewed,,
2026-08-14_132024.SH_T035,maker_132024_v01_queue,maker_queue_v1_0,sell_then_buy,0.248,10:51:09,136.748,10:53:39,136.5,opening_inventory_or_cash_capacity_blocked,unreviewed,unreviewed,,
2026-08-14_132024.SH_T036,maker_132024_v01_priority,maker_priority_v1_37_candidate,sell_then_buy,0.299,10:53:59,136.5,10:58:53,136.201,economic_pair_cross_turn_600s_needs_path_review,unreviewed,unreviewed,,
2026-08-14_132024.SH_T036,maker_132024_v01_queue,maker_queue_v1_0,sell_then_buy,0.299,10:53:59,136.5,10:58:53,136.201,causal_mode_in_review_required,unreviewed,unreviewed,,
2026-08-14_132024.SH_T037,maker_132024_v01_priority,maker_priority_v1_37_candidate,sell_then_buy,0.189,10:59:41,136.201,11:06:28,136.012,economic_pair_cross_turn_600s_needs_path_review,unreviewed,unreviewed,,
2026-08-14_132024.SH_T037,maker_132024_v01_queue,maker_queue_v1_0,sell_then_buy,0.189,10:59:41,136.201,11:06:28,136.012,causal_mode_in_review_required,unreviewed,unreviewed,,
2026-08-14_132024.SH_T038,maker_132024_v01_priority,maker_priority_v1_37_candidate,buy_then_sell,0.486,11:06:28,136.012,11:14:45,136.498,economic_pair_cross_turn_600s_needs_path_review,unreviewed,unreviewed,,
2026-08-14_132024.SH_T038,maker_132024_v01_queue,maker_queue_v1_0,buy_then_sell,0.486,11:06:28,136.012,11:14:45,136.498,causal_mode_in_review_required,unreviewed,unreviewed,,
2026-08-14_132024.SH_T039,maker_132024_v01_priority,maker_priority_v1_37_candidate,sell_then_buy,0.247,11:14:45,136.498,11:21:45,136.251,economic_pair_nearby_needs_cross_turn_review,unreviewed,unreviewed,,
2026-08-14_132024.SH_T039,maker_132024_v01_queue,maker_queue_v1_0,sell_then_buy,0.247,11:14:45,136.498,11:21:45,136.251,preexisting_reaching_order_needs_execution_audit,unreviewed,unreviewed,,
2026-08-14_132024.SH_T040,maker_132024_v01_priority,maker_priority_v1_37_candidate,buy_then_sell,0.244,11:21:45,136.251,11:22:05,136.495,causal_mode_in_review_required,unreviewed,unreviewed,,
2026-08-14_132024.SH_T040,maker_132024_v01_queue,maker_queue_v1_0,buy_then_sell,0.244,11:21:45,136.251,11:22:05,136.495,causal_mode_in_review_required,unreviewed,unreviewed,,
2026-08-14_132024.SH_T041,maker_132024_v01_priority,maker_priority_v1_37_candidate,sell_then_buy,0.244,11:22:05,136.495,11:22:51,136.251,economic_pair_cross_turn_600s_needs_path_review,unreviewed,unreviewed,,
2026-08-14_132024.SH_T041,maker_132024_v01_queue,maker_queue_v1_0,sell_then_buy,0.244,11:22:05,136.495,11:22:51,136.251,causal_mode_in_review_required,unreviewed,unreviewed,,
2026-08-14_132024.SH_T042,maker_132024_v01_priority,maker_priority_v1_37_candidate,sell_then_buy,0.001,11:23:01,136.251,11:23:01,136.25,economic_pair_cross_turn_600s_needs_path_review,unreviewed,unreviewed,,
2026-08-14_132024.SH_T042,maker_132024_v01_queue,maker_queue_v1_0,sell_then_buy,0.001,11:23:01,136.251,11:23:01,136.25,causal_mode_in_review_required,unreviewed,unreviewed,,
2026-08-14_132024.SH_T043,maker_132024_v01_priority,maker_priority_v1_37_candidate,buy_then_sell,0.294,11:23:01,136.25,11:26:11,136.544,causal_mode_in_review_required,unreviewed,unreviewed,,
2026-08-14_132024.SH_T043,maker_132024_v01_queue,maker_queue_v1_0,buy_then_sell,0.294,11:23:01,136.25,11:26:11,136.544,causal_mode_in_review_required,unreviewed,unreviewed,,
2026-08-14_132024.SH_T044,maker_132024_v01_priority,maker_priority_v1_37_candidate,sell_then_buy,0.194,11:26:11,136.544,11:27:21,136.35,economic_pair_cross_turn_600s_needs_path_review,unreviewed,unreviewed,,
2026-08-14_132024.SH_T044,maker_132024_v01_queue,maker_queue_v1_0,sell_then_buy,0.194,11:26:11,136.544,11:27:21,136.35,causal_mode_in_review_required,unreviewed,unreviewed,,
2026-08-14_132024.SH_T045,maker_132024_v01_priority,maker_priority_v1_37_candidate,sell_then_buy,0.099,11:27:24,136.35,11:28:40,136.251,causal_mode_in_review_required,unreviewed,unreviewed,,
2026-08-14_132024.SH_T045,maker_132024_v01_queue,maker_queue_v1_0,sell_then_buy,0.099,11:27:24,136.35,11:28:40,136.251,causal_mode_in_review_required,unreviewed,unreviewed,,
2026-08-14_132024.SH_T046,maker_132024_v01_priority,maker_priority_v1_37_candidate,sell_then_buy,0.12,11:29:02,136.251,13:04:01,136.131,causal_mode_in_review_required,unreviewed,unreviewed,,
2026-08-14_132024.SH_T046,maker_132024_v01_queue,maker_queue_v1_0,sell_then_buy,0.12,11:29:02,136.251,13:04:01,136.131,causal_mode_in_review_required,unreviewed,unreviewed,,
2026-08-14_132024.SH_T047,maker_132024_v01_priority,maker_priority_v1_37_candidate,buy_then_sell,0.606,13:04:01,136.131,13:05:44,136.737,economic_pair_within_turn_needs_overlap_review,unreviewed,unreviewed,,
2026-08-14_132024.SH_T047,maker_132024_v01_queue,maker_queue_v1_0,buy_then_sell,0.606,13:04:01,136.131,13:05:44,136.737,causal_mode_in_review_required,unreviewed,unreviewed,,
2026-08-14_132024.SH_T048,maker_132024_v01_priority,maker_priority_v1_37_candidate,sell_then_buy,0.006,13:05:44,136.737,13:06:26,136.731,economic_pair_nearby_needs_cross_turn_review,unreviewed,unreviewed,,
2026-08-14_132024.SH_T048,maker_132024_v01_queue,maker_queue_v1_0,sell_then_buy,0.006,13:05:44,136.737,13:06:26,136.731,preexisting_reaching_order_needs_execution_audit,unreviewed,unreviewed,,
2026-08-14_132024.SH_T049,maker_132024_v01_priority,maker_priority_v1_37_candidate,sell_then_buy,0.521,13:06:54,136.721,13:06:54,136.2,economic_pair_nearby_needs_cross_turn_review,unreviewed,unreviewed,,
2026-08-14_132024.SH_T049,maker_132024_v01_queue,maker_queue_v1_0,sell_then_buy,0.521,13:06:54,136.721,13:06:54,136.2,causal_mode_in_review_required,unreviewed,unreviewed,,
2026-08-14_132024.SH_T050,maker_132024_v01_priority,maker_priority_v1_37_candidate,buy_then_sell,0.2,13:06:54,136.2,13:07:20,136.4,causal_mode_in_review_required,unreviewed,unreviewed,,
2026-08-14_132024.SH_T050,maker_132024_v01_queue,maker_queue_v1_0,buy_then_sell,0.2,13:06:54,136.2,13:07:20,136.4,causal_mode_in_review_required,unreviewed,unreviewed,,
2026-08-14_132024.SH_T051,maker_132024_v01_priority,maker_priority_v1_37_candidate,sell_then_buy,0.369,13:07:20,136.4,13:08:44,136.031,economic_pair_nearby_needs_cross_turn_review,unreviewed,unreviewed,,
2026-08-14_132024.SH_T051,maker_132024_v01_queue,maker_queue_v1_0,sell_then_buy,0.369,13:07:20,136.4,13:08:44,136.031,causal_mode_in_review_required,unreviewed,unreviewed,,
2026-08-14_132024.SH_T052,maker_132024_v01_priority,maker_priority_v1_37_candidate,buy_then_sell,0.465,13:08:44,136.031,13:11:44,136.496,economic_pair_within_turn_needs_overlap_review,unreviewed,unreviewed,,
2026-08-14_132024.SH_T052,maker_132024_v01_queue,maker_queue_v1_0,buy_then_sell,0.465,13:08:44,136.031,13:11:44,136.496,causal_mode_in_review_required,unreviewed,unreviewed,,
2026-08-14_132024.SH_T053,maker_132024_v01_priority,maker_priority_v1_37_candidate,sell_then_buy,0.394,13:11:44,136.496,13:12:11,136.102,exact_best_pair_capture,unreviewed,unreviewed,,
2026-08-14_132024.SH_T053,maker_132024_v01_queue,maker_queue_v1_0,sell_then_buy,0.394,13:11:44,136.496,13:12:11,136.102,preexisting_reaching_order_needs_execution_audit,unreviewed,unreviewed,,
2026-08-14_132024.SH_T054,maker_132024_v01_priority,maker_priority_v1_37_candidate,buy_then_sell,0.359,13:12:11,136.102,13:14:30,136.461,economic_pair_within_turn_needs_overlap_review,unreviewed,unreviewed,,
2026-08-14_132024.SH_T054,maker_132024_v01_queue,maker_queue_v1_0,buy_then_sell,0.359,13:12:11,136.102,13:14:30,136.461,causal_mode_in_review_required,unreviewed,unreviewed,,
2026-08-14_132024.SH_T055,maker_132024_v01_priority,maker_priority_v1_37_candidate,sell_then_buy,0.359,13:14:30,136.461,13:14:40,136.102,economic_pair_cross_turn_600s_needs_path_review,unreviewed,unreviewed,,
2026-08-14_132024.SH_T055,maker_132024_v01_queue,maker_queue_v1_0,sell_then_buy,0.359,13:14:30,136.461,13:14:40,136.102,causal_mode_in_review_required,unreviewed,unreviewed,,
2026-08-14_132024.SH_T056,maker_132024_v01_priority,maker_priority_v1_37_candidate,buy_then_sell,0.197,13:14:40,136.102,13:17:44,136.299,causal_mode_in_review_required,unreviewed,unreviewed,,
2026-08-14_132024.SH_T056,maker_132024_v01_queue,maker_queue_v1_0,buy_then_sell,0.197,13:14:40,136.102,13:17:44,136.299,causal_mode_in_review_required,unreviewed,unreviewed,,
2026-08-14_132024.SH_T057,maker_132024_v01_priority,maker_priority_v1_37_candidate,sell_then_buy,0.198,13:17:44,136.299,13:17:44,136.101,economic_pair_cross_turn_600s_needs_path_review,unreviewed,unreviewed,,
2026-08-14_132024.SH_T057,maker_132024_v01_queue,maker_queue_v1_0,sell_then_buy,0.198,13:17:44,136.299,13:17:44,136.101,causal_mode_in_review_required,unreviewed,unreviewed,,
2026-08-14_132024.SH_T058,maker_132024_v01_priority,maker_priority_v1_37_candidate,buy_then_sell,0.199,13:17:44,136.101,13:18:12,136.3,economic_pair_cross_turn_600s_needs_path_review,unreviewed,unreviewed,,
2026-08-14_132024.SH_T058,maker_132024_v01_queue,maker_queue_v1_0,buy_then_sell,0.199,13:17:44,136.101,13:18:12,136.3,causal_mode_in_review_required,unreviewed,unreviewed,,
2026-08-14_132024.SH_T059,maker_132024_v01_priority,maker_priority_v1_37_candidate,sell_then_buy,0.193,13:18:12,136.3,13:18:26,136.107,economic_pair_cross_turn_600s_needs_path_review,unreviewed,unreviewed,,
2026-08-14_132024.SH_T059,maker_132024_v01_queue,maker_queue_v1_0,sell_then_buy,0.193,13:18:12,136.3,13:18:26,136.107,causal_mode_in_review_required,unreviewed,unreviewed,,
2026-08-14_132024.SH_T060,maker_132024_v01_priority,maker_priority_v1_37_candidate,buy_then_sell,0.184,13:18:26,136.107,13:19:15,136.291,economic_pair_cross_turn_600s_needs_path_review,unreviewed,unreviewed,,
2026-08-14_132024.SH_T060,maker_132024_v01_queue,maker_queue_v1_0,buy_then_sell,0.184,13:18:26,136.107,13:19:15,136.291,causal_mode_in_review_required,unreviewed,unreviewed,,
2026-08-14_132024.SH_T061,maker_132024_v01_priority,maker_priority_v1_37_candidate,sell_then_buy,0.177,13:19:15,136.291,13:19:30,136.114,economic_pair_cross_turn_600s_needs_path_review,unreviewed,unreviewed,,
2026-08-14_132024.SH_T061,maker_132024_v01_queue,maker_queue_v1_0,sell_then_buy,0.177,13:19:15,136.291,13:19:30,136.114,causal_mode_in_review_required,unreviewed,unreviewed,,
2026-08-14_132024.SH_T062,maker_132024_v01_priority,maker_priority_v1_37_candidate,buy_then_sell,0.177,13:19:30,136.114,13:19:39,136.291,economic_pair_cross_turn_600s_needs_path_review,unreviewed,unreviewed,,
2026-08-14_132024.SH_T062,maker_132024_v01_queue,maker_queue_v1_0,buy_then_sell,0.177,13:19:30,136.114,13:19:39,136.291,causal_mode_in_review_required,unreviewed,unreviewed,,
2026-08-14_132024.SH_T063,maker_132024_v01_priority,maker_priority_v1_37_candidate,sell_then_buy,0.177,13:19:39,136.291,13:20:09,136.114,economic_pair_cross_turn_600s_needs_path_review,unreviewed,unreviewed,,
2026-08-14_132024.SH_T063,maker_132024_v01_queue,maker_queue_v1_0,sell_then_buy,0.177,13:19:39,136.291,13:20:09,136.114,causal_mode_in_review_required,unreviewed,unreviewed,,
2026-08-14_132024.SH_T064,maker_132024_v01_priority,maker_priority_v1_37_candidate,buy_then_sell,0.127,13:20:09,136.114,13:20:21,136.241,economic_pair_cross_turn_600s_needs_path_review,unreviewed,unreviewed,,
2026-08-14_132024.SH_T064,maker_132024_v01_queue,maker_queue_v1_0,buy_then_sell,0.127,13:20:09,136.114,13:20:21,136.241,causal_mode_in_review_required,unreviewed,unreviewed,,
2026-08-14_132024.SH_T065,maker_132024_v01_priority,maker_priority_v1_37_candidate,sell_then_buy,0.132,13:20:21,136.241,13:20:33,136.109,economic_pair_cross_turn_600s_needs_path_review,unreviewed,unreviewed,,
2026-08-14_132024.SH_T065,maker_132024_v01_queue,maker_queue_v1_0,sell_then_buy,0.132,13:20:21,136.241,13:20:33,136.109,causal_mode_in_review_required,unreviewed,unreviewed,,
2026-08-14_132024.SH_T066,maker_132024_v01_priority,maker_priority_v1_37_candidate,buy_then_sell,0.138,13:20:33,136.109,13:21:13,136.247,economic_pair_cross_turn_600s_needs_path_review,unreviewed,unreviewed,,
2026-08-14_132024.SH_T066,maker_132024_v01_queue,maker_queue_v1_0,buy_then_sell,0.138,13:20:33,136.109,13:21:13,136.247,causal_mode_in_review_required,unreviewed,unreviewed,,
2026-08-14_132024.SH_T067,maker_132024_v01_priority,maker_priority_v1_37_candidate,sell_then_buy,0.168,13:21:13,136.247,13:21:45,136.079,economic_pair_cross_turn_600s_needs_path_review,unreviewed,unreviewed,,
2026-08-14_132024.SH_T067,maker_132024_v01_queue,maker_queue_v1_0,sell_then_buy,0.168,13:21:13,136.247,13:21:45,136.079,causal_mode_in_review_required,unreviewed,unreviewed,,
2026-08-14_132024.SH_T068,maker_132024_v01_priority,maker_priority_v1_37_candidate,buy_then_sell,0.021,13:21:45,136.079,13:21:54,136.1,economic_pair_cross_turn_600s_needs_path_review,unreviewed,unreviewed,,
2026-08-14_132024.SH_T068,maker_132024_v01_queue,maker_queue_v1_0,buy_then_sell,0.021,13:21:45,136.079,13:21:54,136.1,causal_mode_in_review_required,unreviewed,unreviewed,,
2026-08-14_132024.SH_T069,maker_132024_v01_priority,maker_priority_v1_37_candidate,sell_then_buy,0.049,13:21:54,136.1,13:22:16,136.051,economic_pair_cross_turn_600s_needs_path_review,unreviewed,unreviewed,,
2026-08-14_132024.SH_T069,maker_132024_v01_queue,maker_queue_v1_0,sell_then_buy,0.049,13:21:54,136.1,13:22:16,136.051,causal_mode_in_review_required,unreviewed,unreviewed,,
2026-08-14_132024.SH_T070,maker_132024_v01_priority,maker_priority_v1_37_candidate,buy_then_sell,0.196,13:22:16,136.051,13:23:29,136.247,causal_mode_in_review_required,unreviewed,unreviewed,,
2026-08-14_132024.SH_T070,maker_132024_v01_queue,maker_queue_v1_0,buy_then_sell,0.196,13:22:16,136.051,13:23:29,136.247,causal_mode_in_review_required,unreviewed,unreviewed,,
2026-08-14_132024.SH_T071,maker_132024_v01_priority,maker_priority_v1_37_candidate,sell_then_buy,0.237,13:23:29,136.247,13:24:03,136.01,economic_pair_cross_turn_600s_needs_path_review,unreviewed,unreviewed,,
2026-08-14_132024.SH_T071,maker_132024_v01_queue,maker_queue_v1_0,sell_then_buy,0.237,13:23:29,136.247,13:24:03,136.01,causal_mode_in_review_required,unreviewed,unreviewed,,
2026-08-14_132024.SH_T072,maker_132024_v01_priority,maker_priority_v1_37_candidate,buy_then_sell,0.237,13:24:03,136.01,13:28:00,136.247,exact_best_pair_capture,unreviewed,unreviewed,,
2026-08-14_132024.SH_T072,maker_132024_v01_queue,maker_queue_v1_0,buy_then_sell,0.237,13:24:03,136.01,13:28:00,136.247,causal_mode_in_review_required,unreviewed,unreviewed,,
2026-08-14_132024.SH_T073,maker_132024_v01_priority,maker_priority_v1_37_candidate,sell_then_buy,0.237,13:28:00,136.247,13:28:25,136.01,exact_best_pair_capture,unreviewed,unreviewed,,
2026-08-14_132024.SH_T073,maker_132024_v01_queue,maker_queue_v1_0,sell_then_buy,0.237,13:28:00,136.247,13:28:25,136.01,causal_mode_in_review_required,unreviewed,unreviewed,,
2026-08-14_132024.SH_T074,maker_132024_v01_priority,maker_priority_v1_37_candidate,buy_then_sell,0.237,13:28:25,136.01,13:28:42,136.247,exact_best_pair_capture,unreviewed,unreviewed,,
2026-08-14_132024.SH_T074,maker_132024_v01_queue,maker_queue_v1_0,buy_then_sell,0.237,13:28:25,136.01,13:28:42,136.247,causal_mode_in_review_required,unreviewed,unreviewed,,
2026-08-14_132024.SH_T075,maker_132024_v01_priority,maker_priority_v1_37_candidate,sell_then_buy,0.237,13:28:42,136.247,13:29:01,136.01,exact_best_pair_capture,unreviewed,unreviewed,,
2026-08-14_132024.SH_T075,maker_132024_v01_queue,maker_queue_v1_0,sell_then_buy,0.237,13:28:42,136.247,13:29:01,136.01,causal_mode_in_review_required,unreviewed,unreviewed,,
2026-08-14_132024.SH_T076,maker_132024_v01_priority,maker_priority_v1_37_candidate,buy_then_sell,0.238,13:29:01,136.01,13:33:53,136.248,exact_best_pair_capture,unreviewed,unreviewed,,
2026-08-14_132024.SH_T076,maker_132024_v01_queue,maker_queue_v1_0,buy_then_sell,0.238,13:29:01,136.01,13:33:53,136.248,causal_mode_in_review_required,unreviewed,unreviewed,,
2026-08-14_132024.SH_T077,maker_132024_v01_priority,maker_priority_v1_37_candidate,sell_then_buy,0.239,13:33:53,136.248,13:34:44,136.009,economic_pair_nearby_needs_cross_turn_review,unreviewed,unreviewed,,
2026-08-14_132024.SH_T077,maker_132024_v01_queue,maker_queue_v1_0,sell_then_buy,0.239,13:33:53,136.248,13:34:44,136.009,causal_mode_in_review_required,unreviewed,unreviewed,,
2026-08-14_132024.SH_T078,maker_132024_v01_priority,maker_priority_v1_37_candidate,buy_then_sell,0.39,13:34:44,136.009,13:35:22,136.399,economic_pair_nearby_needs_cross_turn_review,unreviewed,unreviewed,,
2026-08-14_132024.SH_T078,maker_132024_v01_queue,maker_queue_v1_0,buy_then_sell,0.39,13:34:44,136.009,13:35:22,136.399,opening_inventory_or_cash_capacity_blocked,unreviewed,unreviewed,,
2026-08-14_132024.SH_T079,maker_132024_v01_priority,maker_priority_v1_37_candidate,sell_then_buy,0.39,13:35:22,136.399,13:35:26,136.009,exact_best_pair_capture,unreviewed,unreviewed,,
2026-08-14_132024.SH_T079,maker_132024_v01_queue,maker_queue_v1_0,sell_then_buy,0.39,13:35:22,136.399,13:35:26,136.009,causal_mode_in_review_required,unreviewed,unreviewed,,
2026-08-14_132024.SH_T080,maker_132024_v01_priority,maker_priority_v1_37_candidate,buy_then_sell,0.442,13:35:26,136.009,13:38:12,136.451,economic_pair_nearby_needs_cross_turn_review,unreviewed,unreviewed,,
2026-08-14_132024.SH_T080,maker_132024_v01_queue,maker_queue_v1_0,buy_then_sell,0.442,13:35:26,136.009,13:38:12,136.451,opening_inventory_or_cash_capacity_blocked,unreviewed,unreviewed,,
2026-08-14_132024.SH_T081,maker_132024_v01_priority,maker_priority_v1_37_candidate,sell_then_buy,0.441,13:38:12,136.451,13:38:44,136.01,economic_pair_cross_turn_600s_needs_path_review,unreviewed,unreviewed,,
2026-08-14_132024.SH_T081,maker_132024_v01_queue,maker_queue_v1_0,sell_then_buy,0.441,13:38:12,136.451,13:38:44,136.01,causal_mode_in_review_required,unreviewed,unreviewed,,
2026-08-14_132024.SH_T082,maker_132024_v01_priority,maker_priority_v1_37_candidate,buy_then_sell,0.376,13:38:44,136.01,13:38:59,136.386,economic_pair_cross_turn_600s_needs_path_review,unreviewed,unreviewed,,
2026-08-14_132024.SH_T082,maker_132024_v01_queue,maker_queue_v1_0,buy_then_sell,0.376,13:38:44,136.01,13:38:59,136.386,opening_inventory_or_cash_capacity_blocked,unreviewed,unreviewed,,
2026-08-14_132024.SH_T083,maker_132024_v01_priority,maker_priority_v1_37_candidate,sell_then_buy,0.376,13:38:59,136.386,13:39:14,136.01,economic_pair_cross_turn_600s_needs_path_review,unreviewed,unreviewed,,
2026-08-14_132024.SH_T083,maker_132024_v01_queue,maker_queue_v1_0,sell_then_buy,0.376,13:38:59,136.386,13:39:14,136.01,causal_mode_in_review_required,unreviewed,unreviewed,,
2026-08-14_132024.SH_T084,maker_132024_v01_priority,maker_priority_v1_37_candidate,buy_then_sell,0.176,13:39:14,136.01,13:39:33,136.186,economic_pair_cross_turn_600s_needs_path_review,unreviewed,unreviewed,,
2026-08-14_132024.SH_T084,maker_132024_v01_queue,maker_queue_v1_0,buy_then_sell,0.176,13:39:14,136.01,13:39:33,136.186,opening_inventory_or_cash_capacity_blocked,unreviewed,unreviewed,,
2026-08-14_132024.SH_T085,maker_132024_v01_priority,maker_priority_v1_37_candidate,sell_then_buy,0.162,13:39:33,136.186,13:39:48,136.024,economic_pair_cross_turn_600s_needs_path_review,unreviewed,unreviewed,,
2026-08-14_132024.SH_T085,maker_132024_v01_queue,maker_queue_v1_0,sell_then_buy,0.162,13:39:33,136.186,13:39:48,136.024,causal_mode_in_review_required,unreviewed,unreviewed,,
2026-08-14_132024.SH_T086,maker_132024_v01_priority,maker_priority_v1_37_candidate,buy_then_sell,0.172,13:39:48,136.024,13:40:03,136.196,economic_pair_cross_turn_600s_needs_path_review,unreviewed,unreviewed,,
2026-08-14_132024.SH_T086,maker_132024_v01_queue,maker_queue_v1_0,buy_then_sell,0.172,13:39:48,136.024,13:40:03,136.196,opening_inventory_or_cash_capacity_blocked,unreviewed,unreviewed,,
2026-08-14_132024.SH_T087,maker_132024_v01_priority,maker_priority_v1_37_candidate,sell_then_buy,0.176,13:40:03,136.196,13:40:13,136.02,economic_pair_cross_turn_600s_needs_path_review,unreviewed,unreviewed,,
2026-08-14_132024.SH_T087,maker_132024_v01_queue,maker_queue_v1_0,sell_then_buy,0.176,13:40:03,136.196,13:40:13,136.02,causal_mode_in_review_required,unreviewed,unreviewed,,
2026-08-14_132024.SH_T088,maker_132024_v01_priority,maker_priority_v1_37_candidate,buy_then_sell,0.004,13:40:13,136.02,13:40:24,136.024,economic_pair_cross_turn_600s_needs_path_review,unreviewed,unreviewed,,
2026-08-14_132024.SH_T088,maker_132024_v01_queue,maker_queue_v1_0,buy_then_sell,0.004,13:40:13,136.02,13:40:24,136.024,opening_inventory_or_cash_capacity_blocked,unreviewed,unreviewed,,
2026-08-14_132024.SH_T089,maker_132024_v01_priority,maker_priority_v1_37_candidate,sell_then_buy,0.324,13:40:24,136.024,13:42:13,135.7,economic_pair_cross_turn_600s_needs_path_review,unreviewed,unreviewed,,
2026-08-14_132024.SH_T089,maker_132024_v01_queue,maker_queue_v1_0,sell_then_buy,0.324,13:40:24,136.024,13:42:13,135.7,causal_mode_in_review_required,unreviewed,unreviewed,,
2026-08-14_132024.SH_T090,maker_132024_v01_priority,maker_priority_v1_37_candidate,buy_then_sell,0.214,13:42:13,135.7,13:43:19,135.914,economic_pair_cross_turn_600s_needs_path_review,unreviewed,unreviewed,,
2026-08-14_132024.SH_T090,maker_132024_v01_queue,maker_queue_v1_0,buy_then_sell,0.214,13:42:13,135.7,13:43:19,135.914,opening_inventory_or_cash_capacity_blocked,unreviewed,unreviewed,,
2026-08-14_132024.SH_T091,maker_132024_v01_priority,maker_priority_v1_37_candidate,sell_then_buy,0.112,13:43:19,135.914,13:44:08,135.802,economic_pair_cross_turn_600s_needs_path_review,unreviewed,unreviewed,,
2026-08-14_132024.SH_T091,maker_132024_v01_queue,maker_queue_v1_0,sell_then_buy,0.112,13:43:19,135.914,13:44:08,135.802,causal_mode_in_review_required,unreviewed,unreviewed,,
2026-08-14_132024.SH_T092,maker_132024_v01_priority,maker_priority_v1_37_candidate,buy_then_sell,0.449,13:44:08,135.802,13:44:48,136.251,economic_pair_cross_turn_600s_needs_path_review,unreviewed,unreviewed,,
2026-08-14_132024.SH_T092,maker_132024_v01_queue,maker_queue_v1_0,buy_then_sell,0.449,13:44:08,135.802,13:44:48,136.251,opening_inventory_or_cash_capacity_blocked,unreviewed,unreviewed,,
2026-08-14_132024.SH_T093,maker_132024_v01_priority,maker_priority_v1_37_candidate,sell_then_buy,0.602,13:44:48,136.251,13:45:18,135.649,economic_pair_cross_turn_600s_needs_path_review,unreviewed,unreviewed,,
2026-08-14_132024.SH_T093,maker_132024_v01_queue,maker_queue_v1_0,sell_then_buy,0.602,13:44:48,136.251,13:45:18,135.649,causal_mode_in_review_required,unreviewed,unreviewed,,
2026-08-14_132024.SH_T094,maker_132024_v01_priority,maker_priority_v1_37_candidate,buy_then_sell,0.602,13:45:18,135.649,13:45:33,136.251,economic_pair_within_turn_needs_overlap_review,unreviewed,unreviewed,,
2026-08-14_132024.SH_T094,maker_132024_v01_queue,maker_queue_v1_0,buy_then_sell,0.602,13:45:18,135.649,13:45:33,136.251,opening_inventory_or_cash_capacity_blocked,unreviewed,unreviewed,,
2026-08-14_132024.SH_T095,maker_132024_v01_priority,maker_priority_v1_37_candidate,sell_then_buy,0.64,13:45:33,136.251,13:46:27,135.611,economic_pair_nearby_needs_cross_turn_review,unreviewed,unreviewed,,
2026-08-14_132024.SH_T095,maker_132024_v01_queue,maker_queue_v1_0,sell_then_buy,0.64,13:45:33,136.251,13:46:27,135.611,causal_mode_in_review_required,unreviewed,unreviewed,,
2026-08-14_132024.SH_T096,maker_132024_v01_priority,maker_priority_v1_37_candidate,buy_then_sell,0.038,13:46:27,135.611,13:46:27,135.649,economic_pair_nearby_needs_cross_turn_review,unreviewed,unreviewed,,
2026-08-14_132024.SH_T096,maker_132024_v01_queue,maker_queue_v1_0,buy_then_sell,0.038,13:46:27,135.611,13:46:27,135.649,opening_inventory_or_cash_capacity_blocked,unreviewed,unreviewed,,
2026-08-14_132024.SH_T097,maker_132024_v01_priority,maker_priority_v1_37_candidate,sell_then_buy,0.019,13:46:27,135.649,13:46:34,135.63,economic_pair_nearby_needs_cross_turn_review,unreviewed,unreviewed,,
2026-08-14_132024.SH_T097,maker_132024_v01_queue,maker_queue_v1_0,sell_then_buy,0.019,13:46:27,135.649,13:46:34,135.63,causal_mode_in_review_required,unreviewed,unreviewed,,
2026-08-14_132024.SH_T098,maker_132024_v01_priority,maker_priority_v1_37_candidate,buy_then_sell,0.551,13:46:34,135.63,13:46:54,136.181,economic_pair_nearby_needs_cross_turn_review,unreviewed,unreviewed,,
2026-08-14_132024.SH_T098,maker_132024_v01_queue,maker_queue_v1_0,buy_then_sell,0.551,13:46:34,135.63,13:46:54,136.181,opening_inventory_or_cash_capacity_blocked,unreviewed,unreviewed,,
2026-08-14_132024.SH_T099,maker_132024_v01_priority,maker_priority_v1_37_candidate,sell_then_buy,0.362,13:46:54,136.181,13:47:14,135.819,economic_pair_nearby_needs_cross_turn_review,unreviewed,unreviewed,,
2026-08-14_132024.SH_T099,maker_132024_v01_queue,maker_queue_v1_0,sell_then_buy,0.362,13:46:54,136.181,13:47:14,135.819,causal_mode_in_review_required,unreviewed,unreviewed,,
2026-08-14_132024.SH_T100,maker_132024_v01_priority,maker_priority_v1_37_candidate,buy_then_sell,0.362,13:47:14,135.819,13:47:30,136.181,economic_pair_nearby_needs_cross_turn_review,unreviewed,unreviewed,,
2026-08-14_132024.SH_T100,maker_132024_v01_queue,maker_queue_v1_0,buy_then_sell,0.362,13:47:14,135.819,13:47:30,136.181,opening_inventory_or_cash_capacity_blocked,unreviewed,unreviewed,,
2026-08-14_132024.SH_T101,maker_132024_v01_priority,maker_priority_v1_37_candidate,sell_then_buy,0.37,13:47:30,136.181,13:47:52,135.811,economic_pair_nearby_needs_cross_turn_review,unreviewed,unreviewed,,
2026-08-14_132024.SH_T101,maker_132024_v01_queue,maker_queue_v1_0,sell_then_buy,0.37,13:47:30,136.181,13:47:52,135.811,causal_mode_in_review_required,unreviewed,unreviewed,,
2026-08-14_132024.SH_T102,maker_132024_v01_priority,maker_priority_v1_37_candidate,buy_then_sell,0.288,13:47:52,135.811,13:51:20,136.099,economic_pair_within_turn_needs_overlap_review,unreviewed,unreviewed,,
2026-08-14_132024.SH_T102,maker_132024_v01_queue,maker_queue_v1_0,buy_then_sell,0.288,13:47:52,135.811,13:51:20,136.099,opening_inventory_or_cash_capacity_blocked,unreviewed,unreviewed,,
2026-08-14_132024.SH_T103,maker_132024_v01_priority,maker_priority_v1_37_candidate,sell_then_buy,0.288,13:51:20,136.099,13:52:45,135.811,economic_pair_cross_turn_600s_needs_path_review,unreviewed,unreviewed,,
2026-08-14_132024.SH_T103,maker_132024_v01_queue,maker_queue_v1_0,sell_then_buy,0.288,13:51:20,136.099,13:52:45,135.811,causal_mode_in_review_required,unreviewed,unreviewed,,
2026-08-14_132024.SH_T104,maker_132024_v01_priority,maker_priority_v1_37_candidate,buy_then_sell,0.164,13:52:45,135.811,13:55:20,135.975,exact_best_pair_capture,unreviewed,unreviewed,,
2026-08-14_132024.SH_T104,maker_132024_v01_queue,maker_queue_v1_0,buy_then_sell,0.164,13:52:45,135.811,13:55:20,135.975,opening_inventory_or_cash_capacity_blocked,unreviewed,unreviewed,,
2026-08-14_132024.SH_T105,maker_132024_v01_priority,maker_priority_v1_37_candidate,sell_then_buy,0.074,13:55:20,135.975,13:55:36,135.901,economic_pair_cross_turn_600s_needs_path_review,unreviewed,unreviewed,,
2026-08-14_132024.SH_T105,maker_132024_v01_queue,maker_queue_v1_0,sell_then_buy,0.074,13:55:20,135.975,13:55:36,135.901,causal_mode_in_review_required,unreviewed,unreviewed,,
2026-08-14_132024.SH_T106,maker_132024_v01_priority,maker_priority_v1_37_candidate,buy_then_sell,0.198,13:55:36,135.901,13:56:54,136.099,economic_pair_cross_turn_600s_needs_path_review,unreviewed,unreviewed,,
2026-08-14_132024.SH_T106,maker_132024_v01_queue,maker_queue_v1_0,buy_then_sell,0.198,13:55:36,135.901,13:56:54,136.099,opening_inventory_or_cash_capacity_blocked,unreviewed,unreviewed,,
2026-08-14_132024.SH_T107,maker_132024_v01_priority,maker_priority_v1_37_candidate,sell_then_buy,0.188,13:56:54,136.099,13:57:41,135.911,economic_pair_cross_turn_600s_needs_path_review,unreviewed,unreviewed,,
2026-08-14_132024.SH_T107,maker_132024_v01_queue,maker_queue_v1_0,sell_then_buy,0.188,13:56:54,136.099,13:57:41,135.911,causal_mode_in_review_required,unreviewed,unreviewed,,
2026-08-14_132024.SH_T108,maker_132024_v01_priority,maker_priority_v1_37_candidate,buy_then_sell,0.148,13:57:41,135.911,13:58:50,136.059,economic_pair_cross_turn_600s_needs_path_review,unreviewed,unreviewed,,
2026-08-14_132024.SH_T108,maker_132024_v01_queue,maker_queue_v1_0,buy_then_sell,0.148,13:57:41,135.911,13:58:50,136.059,opening_inventory_or_cash_capacity_blocked,unreviewed,unreviewed,,
2026-08-14_132024.SH_T109,maker_132024_v01_priority,maker_priority_v1_37_candidate,sell_then_buy,0.142,13:58:50,136.059,13:59:27,135.917,economic_pair_cross_turn_600s_needs_path_review,unreviewed,unreviewed,,
2026-08-14_132024.SH_T109,maker_132024_v01_queue,maker_queue_v1_0,sell_then_buy,0.142,13:58:50,136.059,13:59:27,135.917,causal_mode_in_review_required,unreviewed,unreviewed,,
2026-08-14_132024.SH_T110,maker_132024_v01_priority,maker_priority_v1_37_candidate,buy_then_sell,0.381,13:59:27,135.917,14:01:20,136.298,economic_pair_cross_turn_600s_needs_path_review,unreviewed,unreviewed,,
2026-08-14_132024.SH_T110,maker_132024_v01_queue,maker_queue_v1_0,buy_then_sell,0.381,13:59:27,135.917,14:01:20,136.298,opening_inventory_or_cash_capacity_blocked,unreviewed,unreviewed,,
2026-08-14_132024.SH_T111,maker_132024_v01_priority,maker_priority_v1_37_candidate,sell_then_buy,0.381,14:01:20,136.298,14:01:26,135.917,economic_pair_cross_turn_600s_needs_path_review,unreviewed,unreviewed,,
2026-08-14_132024.SH_T111,maker_132024_v01_queue,maker_queue_v1_0,sell_then_buy,0.381,14:01:20,136.298,14:01:26,135.917,causal_mode_in_review_required,unreviewed,unreviewed,,
2026-08-14_132024.SH_T112,maker_132024_v01_priority,maker_priority_v1_37_candidate,buy_then_sell,0.381,14:01:26,135.917,14:01:56,136.298,exact_best_pair_capture,unreviewed,unreviewed,,
2026-08-14_132024.SH_T112,maker_132024_v01_queue,maker_queue_v1_0,buy_then_sell,0.381,14:01:26,135.917,14:01:56,136.298,opening_inventory_or_cash_capacity_blocked,unreviewed,unreviewed,,
2026-08-14_132024.SH_T113,maker_132024_v01_priority,maker_priority_v1_37_candidate,sell_then_buy,0.298,14:01:56,136.298,14:02:14,136.0,exact_best_pair_capture,unreviewed,unreviewed,,
2026-08-14_132024.SH_T113,maker_132024_v01_queue,maker_queue_v1_0,sell_then_buy,0.298,14:01:56,136.298,14:02:14,136.0,causal_mode_in_review_required,unreviewed,unreviewed,,
2026-08-14_132024.SH_T114,maker_132024_v01_priority,maker_priority_v1_37_candidate,buy_then_sell,0.289,14:02:14,136.0,14:02:56,136.289,economic_pair_cross_turn_600s_needs_path_review,unreviewed,unreviewed,,
2026-08-14_132024.SH_T114,maker_132024_v01_queue,maker_queue_v1_0,buy_then_sell,0.289,14:02:14,136.0,14:02:56,136.289,opening_inventory_or_cash_capacity_blocked,unreviewed,unreviewed,,
2026-08-14_132024.SH_T115,maker_132024_v01_priority,maker_priority_v1_37_candidate,sell_then_buy,0.288,14:02:56,136.289,14:03:15,136.001,economic_pair_cross_turn_600s_needs_path_review,unreviewed,unreviewed,,
2026-08-14_132024.SH_T115,maker_132024_v01_queue,maker_queue_v1_0,sell_then_buy,0.288,14:02:56,136.289,14:03:15,136.001,causal_mode_in_review_required,unreviewed,unreviewed,,
2026-08-14_132024.SH_T116,maker_132024_v01_priority,maker_priority_v1_37_candidate,buy_then_sell,0.198,14:03:15,136.001,14:04:22,136.199,economic_pair_cross_turn_600s_needs_path_review,unreviewed,unreviewed,,
2026-08-14_132024.SH_T116,maker_132024_v01_queue,maker_queue_v1_0,buy_then_sell,0.198,14:03:15,136.001,14:04:22,136.199,opening_inventory_or_cash_capacity_blocked,unreviewed,unreviewed,,
2026-08-14_132024.SH_T117,maker_132024_v01_priority,maker_priority_v1_37_candidate,sell_then_buy,0.196,14:04:22,136.199,14:05:59,136.003,economic_pair_cross_turn_600s_needs_path_review,unreviewed,unreviewed,,
2026-08-14_132024.SH_T117,maker_132024_v01_queue,maker_queue_v1_0,sell_then_buy,0.196,14:04:22,136.199,14:05:59,136.003,causal_mode_in_review_required,unreviewed,unreviewed,,
2026-08-14_132024.SH_T118,maker_132024_v01_priority,maker_priority_v1_37_candidate,buy_then_sell,0.196,14:05:59,136.003,14:06:37,136.199,economic_pair_cross_turn_600s_needs_path_review,unreviewed,unreviewed,,
2026-08-14_132024.SH_T118,maker_132024_v01_queue,maker_queue_v1_0,buy_then_sell,0.196,14:05:59,136.003,14:06:37,136.199,opening_inventory_or_cash_capacity_blocked,unreviewed,unreviewed,,
2026-08-14_132024.SH_T119,maker_132024_v01_priority,maker_priority_v1_37_candidate,sell_then_buy,0.194,14:06:37,136.199,14:07:07,136.005,economic_pair_cross_turn_600s_needs_path_review,unreviewed,unreviewed,,
2026-08-14_132024.SH_T119,maker_132024_v01_queue,maker_queue_v1_0,sell_then_buy,0.194,14:06:37,136.199,14:07:07,136.005,causal_mode_in_review_required,unreviewed,unreviewed,,
2026-08-14_132024.SH_T120,maker_132024_v01_priority,maker_priority_v1_37_candidate,buy_then_sell,0.186,14:07:07,136.005,14:07:48,136.191,economic_pair_cross_turn_600s_needs_path_review,unreviewed,unreviewed,,
2026-08-14_132024.SH_T120,maker_132024_v01_queue,maker_queue_v1_0,buy_then_sell,0.186,14:07:07,136.005,14:07:48,136.191,opening_inventory_or_cash_capacity_blocked,unreviewed,unreviewed,,
2026-08-14_132024.SH_T121,maker_132024_v01_priority,maker_priority_v1_37_candidate,sell_then_buy,0.186,14:07:48,136.191,14:08:07,136.005,economic_pair_cross_turn_600s_needs_path_review,unreviewed,unreviewed,,
2026-08-14_132024.SH_T121,maker_132024_v01_queue,maker_queue_v1_0,sell_then_buy,0.186,14:07:48,136.191,14:08:07,136.005,causal_mode_in_review_required,unreviewed,unreviewed,,
2026-08-14_132024.SH_T122,maker_132024_v01_priority,maker_priority_v1_37_candidate,buy_then_sell,0.286,14:08:07,136.005,14:08:37,136.291,economic_pair_cross_turn_600s_needs_path_review,unreviewed,unreviewed,,
2026-08-14_132024.SH_T122,maker_132024_v01_queue,maker_queue_v1_0,buy_then_sell,0.286,14:08:07,136.005,14:08:37,136.291,opening_inventory_or_cash_capacity_blocked,unreviewed,unreviewed,,
2026-08-14_132024.SH_T123,maker_132024_v01_priority,maker_priority_v1_37_candidate,sell_then_buy,0.281,14:08:37,136.291,14:08:38,136.01,economic_pair_cross_turn_600s_needs_path_review,unreviewed,unreviewed,,
2026-08-14_132024.SH_T123,maker_132024_v01_queue,maker_queue_v1_0,sell_then_buy,0.281,14:08:37,136.291,14:08:38,136.01,causal_mode_in_review_required,unreviewed,unreviewed,,
2026-08-14_132024.SH_T124,maker_132024_v01_priority,maker_priority_v1_37_candidate,buy_then_sell,0.289,14:08:38,136.01,14:08:53,136.299,economic_pair_cross_turn_600s_needs_path_review,unreviewed,unreviewed,,
2026-08-14_132024.SH_T124,maker_132024_v01_queue,maker_queue_v1_0,buy_then_sell,0.289,14:08:38,136.01,14:08:53,136.299,opening_inventory_or_cash_capacity_blocked,unreviewed,unreviewed,,
2026-08-14_132024.SH_T125,maker_132024_v01_priority,maker_priority_v1_37_candidate,sell_then_buy,0.286,14:08:53,136.299,14:09:55,136.013,economic_pair_cross_turn_600s_needs_path_review,unreviewed,unreviewed,,
2026-08-14_132024.SH_T125,maker_132024_v01_queue,maker_queue_v1_0,sell_then_buy,0.286,14:08:53,136.299,14:09:55,136.013,causal_mode_in_review_required,unreviewed,unreviewed,,
2026-08-14_132024.SH_T126,maker_132024_v01_priority,maker_priority_v1_37_candidate,buy_then_sell,0.278,14:09:55,136.013,14:10:51,136.291,exact_best_pair_capture,unreviewed,unreviewed,,
2026-08-14_132024.SH_T126,maker_132024_v01_queue,maker_queue_v1_0,buy_then_sell,0.278,14:09:55,136.013,14:10:51,136.291,opening_inventory_or_cash_capacity_blocked,unreviewed,unreviewed,,
2026-08-14_132024.SH_T127,maker_132024_v01_priority,maker_priority_v1_37_candidate,sell_then_buy,0.276,14:10:51,136.291,14:10:56,136.015,exact_best_pair_capture,unreviewed,unreviewed,,
2026-08-14_132024.SH_T127,maker_132024_v01_queue,maker_queue_v1_0,sell_then_buy,0.276,14:10:51,136.291,14:10:56,136.015,causal_mode_in_review_required,unreviewed,unreviewed,,
2026-08-14_132024.SH_T128,maker_132024_v01_priority,maker_priority_v1_37_candidate,buy_then_sell,0.283,14:10:56,136.015,14:11:08,136.298,exact_best_pair_capture,unreviewed,unreviewed,,
2026-08-14_132024.SH_T128,maker_132024_v01_queue,maker_queue_v1_0,buy_then_sell,0.283,14:10:56,136.015,14:11:08,136.298,opening_inventory_or_cash_capacity_blocked,unreviewed,unreviewed,,
2026-08-14_132024.SH_T129,maker_132024_v01_priority,maker_priority_v1_37_candidate,sell_then_buy,0.341,14:11:08,136.298,14:12:54,135.957,economic_pair_within_turn_needs_overlap_review,unreviewed,unreviewed,,
2026-08-14_132024.SH_T129,maker_132024_v01_queue,maker_queue_v1_0,sell_then_buy,0.341,14:11:08,136.298,14:12:54,135.957,causal_mode_in_review_required,unreviewed,unreviewed,,
2026-08-14_132024.SH_T130,maker_132024_v01_priority,maker_priority_v1_37_candidate,buy_then_sell,0.341,14:12:54,135.957,14:13:23,136.298,economic_pair_within_turn_needs_overlap_review,unreviewed,unreviewed,,
2026-08-14_132024.SH_T130,maker_132024_v01_queue,maker_queue_v1_0,buy_then_sell,0.341,14:12:54,135.957,14:13:23,136.298,opening_inventory_or_cash_capacity_blocked,unreviewed,unreviewed,,
2026-08-14_132024.SH_T131,maker_132024_v01_priority,maker_priority_v1_37_candidate,sell_then_buy,0.34,14:13:23,136.298,14:13:47,135.958,exact_best_pair_capture,unreviewed,unreviewed,,
2026-08-14_132024.SH_T131,maker_132024_v01_queue,maker_queue_v1_0,sell_then_buy,0.34,14:13:23,136.298,14:13:47,135.958,causal_mode_in_review_required,unreviewed,unreviewed,,
2026-08-14_132024.SH_T132,maker_132024_v01_priority,maker_priority_v1_37_candidate,buy_then_sell,0.333,14:13:47,135.958,14:14:39,136.291,exact_best_pair_capture,unreviewed,unreviewed,,
2026-08-14_132024.SH_T132,maker_132024_v01_queue,maker_queue_v1_0,buy_then_sell,0.333,14:13:47,135.958,14:14:39,136.291,opening_inventory_or_cash_capacity_blocked,unreviewed,unreviewed,,
2026-08-14_132024.SH_T133,maker_132024_v01_priority,maker_priority_v1_37_candidate,sell_then_buy,0.292,14:14:39,136.291,14:14:46,135.999,economic_pair_cross_turn_600s_needs_path_review,unreviewed,unreviewed,,
2026-08-14_132024.SH_T133,maker_132024_v01_queue,maker_queue_v1_0,sell_then_buy,0.292,14:14:39,136.291,14:14:46,135.999,causal_mode_in_review_required,unreviewed,unreviewed,,
2026-08-14_132024.SH_T134,maker_132024_v01_priority,maker_priority_v1_37_candidate,buy_then_sell,0.292,14:14:46,135.999,14:15:15,136.291,economic_pair_cross_turn_600s_needs_path_review,unreviewed,unreviewed,,
2026-08-14_132024.SH_T134,maker_132024_v01_queue,maker_queue_v1_0,buy_then_sell,0.292,14:14:46,135.999,14:15:15,136.291,opening_inventory_or_cash_capacity_blocked,unreviewed,unreviewed,,
2026-08-14_132024.SH_T135,maker_132024_v01_priority,maker_priority_v1_37_candidate,sell_then_buy,0.282,14:15:15,136.291,14:15:27,136.009,economic_pair_cross_turn_600s_needs_path_review,unreviewed,unreviewed,,
2026-08-14_132024.SH_T135,maker_132024_v01_queue,maker_queue_v1_0,sell_then_buy,0.282,14:15:15,136.291,14:15:27,136.009,causal_mode_in_review_required,unreviewed,unreviewed,,
2026-08-14_132024.SH_T136,maker_132024_v01_priority,maker_priority_v1_37_candidate,buy_then_sell,0.182,14:15:27,136.009,14:15:42,136.191,economic_pair_cross_turn_600s_needs_path_review,unreviewed,unreviewed,,
2026-08-14_132024.SH_T136,maker_132024_v01_queue,maker_queue_v1_0,buy_then_sell,0.182,14:15:27,136.009,14:15:42,136.191,opening_inventory_or_cash_capacity_blocked,unreviewed,unreviewed,,
2026-08-14_132024.SH_T137,maker_132024_v01_priority,maker_priority_v1_37_candidate,sell_then_buy,0.18,14:15:42,136.191,14:16:42,136.011,economic_pair_cross_turn_600s_needs_path_review,unreviewed,unreviewed,,
2026-08-14_132024.SH_T137,maker_132024_v01_queue,maker_queue_v1_0,sell_then_buy,0.18,14:15:42,136.191,14:16:42,136.011,causal_mode_in_review_required,unreviewed,unreviewed,,
2026-08-14_132024.SH_T138,maker_132024_v01_priority,maker_priority_v1_37_candidate,buy_then_sell,0.189,14:16:42,136.011,14:18:29,136.2,economic_pair_cross_turn_600s_needs_path_review,unreviewed,unreviewed,,
2026-08-14_132024.SH_T138,maker_132024_v01_queue,maker_queue_v1_0,buy_then_sell,0.189,14:16:42,136.011,14:18:29,136.2,opening_inventory_or_cash_capacity_blocked,unreviewed,unreviewed,,
2026-08-14_132024.SH_T139,maker_132024_v01_priority,maker_priority_v1_37_candidate,sell_then_buy,0.179,14:18:29,136.2,14:19:37,136.021,economic_pair_cross_turn_600s_needs_path_review,unreviewed,unreviewed,,
2026-08-14_132024.SH_T139,maker_132024_v01_queue,maker_queue_v1_0,sell_then_buy,0.179,14:18:29,136.2,14:19:37,136.021,causal_mode_in_review_required,unreviewed,unreviewed,,
2026-08-14_132024.SH_T140,maker_132024_v01_priority,maker_priority_v1_37_candidate,buy_then_sell,0.276,14:19:37,136.021,14:19:47,136.297,exact_best_pair_capture,unreviewed,unreviewed,,
2026-08-14_132024.SH_T140,maker_132024_v01_queue,maker_queue_v1_0,buy_then_sell,0.276,14:19:37,136.021,14:19:47,136.297,opening_inventory_or_cash_capacity_blocked,unreviewed,unreviewed,,
2026-08-14_132024.SH_T141,maker_132024_v01_priority,maker_priority_v1_37_candidate,sell_then_buy,0.276,14:19:47,136.297,14:20:27,136.021,exact_best_pair_capture,unreviewed,unreviewed,,
2026-08-14_132024.SH_T141,maker_132024_v01_queue,maker_queue_v1_0,sell_then_buy,0.276,14:19:47,136.297,14:20:27,136.021,causal_mode_in_review_required,unreviewed,unreviewed,,
2026-08-14_132024.SH_T142,maker_132024_v01_priority,maker_priority_v1_37_candidate,buy_then_sell,0.178,14:20:27,136.021,14:22:39,136.199,exact_best_pair_capture,unreviewed,unreviewed,,
2026-08-14_132024.SH_T142,maker_132024_v01_queue,maker_queue_v1_0,buy_then_sell,0.178,14:20:27,136.021,14:22:39,136.199,opening_inventory_or_cash_capacity_blocked,unreviewed,unreviewed,,
2026-08-14_132024.SH_T143,maker_132024_v01_priority,maker_priority_v1_37_candidate,sell_then_buy,0.178,14:22:39,136.199,14:23:22,136.021,preexisting_reaching_order_needs_execution_audit,unreviewed,unreviewed,,
2026-08-14_132024.SH_T143,maker_132024_v01_queue,maker_queue_v1_0,sell_then_buy,0.178,14:22:39,136.199,14:23:22,136.021,causal_mode_in_review_required,unreviewed,unreviewed,,
2026-08-14_132024.SH_T144,maker_132024_v01_priority,maker_priority_v1_37_candidate,buy_then_sell,0.078,14:23:22,136.021,14:24:55,136.099,causal_mode_in_review_required,unreviewed,unreviewed,,
2026-08-14_132024.SH_T144,maker_132024_v01_queue,maker_queue_v1_0,buy_then_sell,0.078,14:23:22,136.021,14:24:55,136.099,opening_inventory_or_cash_capacity_blocked,unreviewed,unreviewed,,
2026-08-14_132024.SH_T145,maker_132024_v01_priority,maker_priority_v1_37_candidate,sell_then_buy,0.068,14:24:55,136.099,14:25:25,136.031,causal_mode_in_review_required,unreviewed,unreviewed,,
2026-08-14_132024.SH_T145,maker_132024_v01_queue,maker_queue_v1_0,sell_then_buy,0.068,14:24:55,136.099,14:25:25,136.031,causal_mode_in_review_required,unreviewed,unreviewed,,
2026-08-14_132024.SH_T146,maker_132024_v01_priority,maker_priority_v1_37_candidate,buy_then_sell,0.068,14:25:25,136.031,14:27:10,136.099,causal_mode_in_review_required,unreviewed,unreviewed,,
2026-08-14_132024.SH_T146,maker_132024_v01_queue,maker_queue_v1_0,buy_then_sell,0.068,14:25:25,136.031,14:27:10,136.099,opening_inventory_or_cash_capacity_blocked,unreviewed,unreviewed,,
2026-08-14_132024.SH_T147,maker_132024_v01_priority,maker_priority_v1_37_candidate,sell_then_buy,0.097,14:27:10,136.099,14:29:15,136.002,economic_pair_cross_turn_600s_needs_path_review,unreviewed,unreviewed,,
2026-08-14_132024.SH_T147,maker_132024_v01_queue,maker_queue_v1_0,sell_then_buy,0.097,14:27:10,136.099,14:29:15,136.002,causal_mode_in_review_required,unreviewed,unreviewed,,
2026-08-14_132024.SH_T148,maker_132024_v01_priority,maker_priority_v1_37_candidate,buy_then_sell,0.097,14:29:15,136.002,14:29:25,136.099,economic_pair_cross_turn_600s_needs_path_review,unreviewed,unreviewed,,
2026-08-14_132024.SH_T148,maker_132024_v01_queue,maker_queue_v1_0,buy_then_sell,0.097,14:29:15,136.002,14:29:25,136.099,opening_inventory_or_cash_capacity_blocked,unreviewed,unreviewed,,
2026-08-14_132024.SH_T149,maker_132024_v01_priority,maker_priority_v1_37_candidate,sell_then_buy,0.089,14:29:25,136.099,14:30:04,136.01,economic_pair_cross_turn_600s_needs_path_review,unreviewed,unreviewed,,
2026-08-14_132024.SH_T149,maker_132024_v01_queue,maker_queue_v1_0,sell_then_buy,0.089,14:29:25,136.099,14:30:04,136.01,causal_mode_in_review_required,unreviewed,unreviewed,,
2026-08-14_132024.SH_T150,maker_132024_v01_priority,maker_priority_v1_37_candidate,buy_then_sell,0.045,14:30:04,136.01,14:31:40,136.055,economic_pair_cross_turn_600s_needs_path_review,unreviewed,unreviewed,,
2026-08-14_132024.SH_T150,maker_132024_v01_queue,maker_queue_v1_0,buy_then_sell,0.045,14:30:04,136.01,14:31:40,136.055,opening_inventory_or_cash_capacity_blocked,unreviewed,unreviewed,,
2026-08-14_132024.SH_T151,maker_132024_v01_priority,maker_priority_v1_37_candidate,sell_then_buy,0.045,14:31:40,136.055,14:33:03,136.01,economic_pair_cross_turn_600s_needs_path_review,unreviewed,unreviewed,,
2026-08-14_132024.SH_T151,maker_132024_v01_queue,maker_queue_v1_0,sell_then_buy,0.045,14:31:40,136.055,14:33:03,136.01,causal_mode_in_review_required,unreviewed,unreviewed,,
2026-08-14_132024.SH_T152,maker_132024_v01_priority,maker_priority_v1_37_candidate,buy_then_sell,0.089,14:33:03,136.01,14:33:56,136.099,causal_mode_in_review_required,unreviewed,unreviewed,,
2026-08-14_132024.SH_T152,maker_132024_v01_queue,maker_queue_v1_0,buy_then_sell,0.089,14:33:03,136.01,14:33:56,136.099,opening_inventory_or_cash_capacity_blocked,unreviewed,unreviewed,,
2026-08-14_132024.SH_T153,maker_132024_v01_priority,maker_priority_v1_37_candidate,sell_then_buy,0.089,14:33:56,136.099,14:34:53,136.01,causal_mode_in_review_required,unreviewed,unreviewed,,
2026-08-14_132024.SH_T153,maker_132024_v01_queue,maker_queue_v1_0,sell_then_buy,0.089,14:33:56,136.099,14:34:53,136.01,causal_mode_in_review_required,unreviewed,unreviewed,,
2026-08-14_132024.SH_T154,maker_132024_v01_priority,maker_priority_v1_37_candidate,sell_then_buy,0.006,14:35:00,136.007,14:35:52,136.001,causal_mode_in_review_required,unreviewed,unreviewed,,
2026-08-14_132024.SH_T154,maker_132024_v01_queue,maker_queue_v1_0,sell_then_buy,0.006,14:35:00,136.007,14:35:52,136.001,causal_mode_in_review_required,unreviewed,unreviewed,,
2026-08-14_132024.SH_T155,maker_132024_v01_priority,maker_priority_v1_37_candidate,buy_then_sell,0.098,14:35:52,136.001,14:36:11,136.099,causal_mode_in_review_required,unreviewed,unreviewed,,
2026-08-14_132024.SH_T155,maker_132024_v01_queue,maker_queue_v1_0,buy_then_sell,0.098,14:35:52,136.001,14:36:11,136.099,opening_inventory_or_cash_capacity_blocked,unreviewed,unreviewed,,
2026-08-14_132024.SH_T156,maker_132024_v01_priority,maker_priority_v1_37_candidate,sell_then_buy,0.098,14:36:11,136.099,14:36:56,136.001,causal_mode_in_review_required,unreviewed,unreviewed,,
2026-08-14_132024.SH_T156,maker_132024_v01_queue,maker_queue_v1_0,sell_then_buy,0.098,14:36:11,136.099,14:36:56,136.001,causal_mode_in_review_required,unreviewed,unreviewed,,
2026-08-14_132024.SH_T157,maker_132024_v01_priority,maker_priority_v1_37_candidate,buy_then_sell,0.296,14:36:56,136.001,14:38:26,136.297,causal_mode_in_review_required,unreviewed,unreviewed,,
2026-08-14_132024.SH_T157,maker_132024_v01_queue,maker_queue_v1_0,buy_then_sell,0.296,14:36:56,136.001,14:38:26,136.297,opening_inventory_or_cash_capacity_blocked,unreviewed,unreviewed,,
2026-08-14_132024.SH_T158,maker_132024_v01_priority,maker_priority_v1_37_candidate,sell_then_buy,0.298,14:38:26,136.297,14:40:45,135.999,economic_pair_within_turn_needs_overlap_review,unreviewed,unreviewed,,
2026-08-14_132024.SH_T158,maker_132024_v01_queue,maker_queue_v1_0,sell_then_buy,0.298,14:38:26,136.297,14:40:45,135.999,causal_mode_in_review_required,unreviewed,unreviewed,,
2026-08-14_132024.SH_T159,maker_132024_v01_priority,maker_priority_v1_37_candidate,buy_then_sell,0.1,14:40:45,135.999,14:40:57,136.099,economic_pair_cross_turn_600s_needs_path_review,unreviewed,unreviewed,,
2026-08-14_132024.SH_T159,maker_132024_v01_queue,maker_queue_v1_0,buy_then_sell,0.1,14:40:45,135.999,14:40:57,136.099,opening_inventory_or_cash_capacity_blocked,unreviewed,unreviewed,,
2026-08-14_132024.SH_T160,maker_132024_v01_priority,maker_priority_v1_37_candidate,sell_then_buy,0.142,14:40:57,136.099,14:41:37,135.957,economic_pair_cross_turn_600s_needs_path_review,unreviewed,unreviewed,,
2026-08-14_132024.SH_T160,maker_132024_v01_queue,maker_queue_v1_0,sell_then_buy,0.142,14:40:57,136.099,14:41:37,135.957,causal_mode_in_review_required,unreviewed,unreviewed,,
2026-08-14_132024.SH_T161,maker_132024_v01_priority,maker_priority_v1_37_candidate,buy_then_sell,0.122,14:41:37,135.957,14:43:12,136.079,economic_pair_cross_turn_600s_needs_path_review,unreviewed,unreviewed,,
2026-08-14_132024.SH_T161,maker_132024_v01_queue,maker_queue_v1_0,buy_then_sell,0.122,14:41:37,135.957,14:43:12,136.079,opening_inventory_or_cash_capacity_blocked,unreviewed,unreviewed,,
2026-08-14_132024.SH_T162,maker_132024_v01_priority,maker_priority_v1_37_candidate,sell_then_buy,0.121,14:43:12,136.079,14:43:34,135.958,economic_pair_cross_turn_600s_needs_path_review,unreviewed,unreviewed,,
2026-08-14_132024.SH_T162,maker_132024_v01_queue,maker_queue_v1_0,sell_then_buy,0.121,14:43:12,136.079,14:43:34,135.958,causal_mode_in_review_required,unreviewed,unreviewed,,
2026-08-14_132024.SH_T163,maker_132024_v01_priority,maker_priority_v1_37_candidate,buy_then_sell,0.092,14:43:34,135.958,14:45:18,136.05,economic_pair_nearby_needs_cross_turn_review,unreviewed,unreviewed,,
2026-08-14_132024.SH_T163,maker_132024_v01_queue,maker_queue_v1_0,buy_then_sell,0.092,14:43:34,135.958,14:45:18,136.05,opening_inventory_or_cash_capacity_blocked,unreviewed,unreviewed,,
2026-08-14_132024.SH_T164,maker_132024_v01_priority,maker_priority_v1_37_candidate,sell_then_buy,0.092,14:45:18,136.05,14:45:34,135.958,economic_pair_cross_turn_600s_needs_path_review,unreviewed,unreviewed,,
2026-08-14_132024.SH_T164,maker_132024_v01_queue,maker_queue_v1_0,sell_then_buy,0.092,14:45:18,136.05,14:45:34,135.958,causal_mode_in_review_required,unreviewed,unreviewed,,
2026-08-14_132024.SH_T165,maker_132024_v01_priority,maker_priority_v1_37_candidate,buy_then_sell,0.241,14:45:34,135.958,14:45:45,136.199,economic_pair_nearby_needs_cross_turn_review,unreviewed,unreviewed,,
2026-08-14_132024.SH_T165,maker_132024_v01_queue,maker_queue_v1_0,buy_then_sell,0.241,14:45:34,135.958,14:45:45,136.199,opening_inventory_or_cash_capacity_blocked,unreviewed,unreviewed,,
2026-08-14_132024.SH_T166,maker_132024_v01_priority,maker_priority_v1_37_candidate,sell_then_buy,0.594,14:45:45,136.199,14:50:11,135.605,economic_pair_within_turn_needs_overlap_review,unreviewed,unreviewed,,
2026-08-14_132024.SH_T166,maker_132024_v01_queue,maker_queue_v1_0,sell_then_buy,0.594,14:45:45,136.199,14:50:11,135.605,causal_mode_in_review_required,unreviewed,unreviewed,,
2026-08-14_132024.SH_T167,maker_132024_v01_priority,maker_priority_v1_37_candidate,buy_then_sell,0.01,14:50:11,135.605,14:50:44,135.615,opening_inventory_or_cash_capacity_blocked,unreviewed,unreviewed,,
2026-08-14_132024.SH_T167,maker_132024_v01_queue,maker_queue_v1_0,buy_then_sell,0.01,14:50:11,135.605,14:50:44,135.615,opening_inventory_or_cash_capacity_blocked,unreviewed,unreviewed,,
2026-08-14_132024.SH_T168,maker_132024_v01_priority,maker_priority_v1_37_candidate,sell_then_buy,0.614,14:50:44,135.615,14:52:15,135.001,causal_mode_in_review_required,unreviewed,unreviewed,,
2026-08-14_132024.SH_T168,maker_132024_v01_queue,maker_queue_v1_0,sell_then_buy,0.614,14:50:44,135.615,14:52:15,135.001,causal_mode_in_review_required,unreviewed,unreviewed,,
2026-08-14_132024.SH_T169,maker_132024_v01_priority,maker_priority_v1_37_candidate,buy_then_sell,0.128,14:52:15,135.001,14:52:56,135.129,opening_inventory_or_cash_capacity_blocked,unreviewed,unreviewed,,
2026-08-14_132024.SH_T169,maker_132024_v01_queue,maker_queue_v1_0,buy_then_sell,0.128,14:52:15,135.001,14:52:56,135.129,opening_inventory_or_cash_capacity_blocked,unreviewed,unreviewed,,
2026-08-14_132024.SH_T170,maker_132024_v01_priority,maker_priority_v1_37_candidate,buy_then_sell,0.116,14:53:01,135.13,14:53:26,135.246,opening_inventory_or_cash_capacity_blocked,unreviewed,unreviewed,,
2026-08-14_132024.SH_T170,maker_132024_v01_queue,maker_queue_v1_0,buy_then_sell,0.116,14:53:01,135.13,14:53:26,135.246,opening_inventory_or_cash_capacity_blocked,unreviewed,unreviewed,,
2026-08-14_132024.SH_T171,maker_132024_v01_priority,maker_priority_v1_37_candidate,buy_then_sell,0.071,14:54:11,135.246,14:54:21,135.317,opening_inventory_or_cash_capacity_blocked,unreviewed,unreviewed,,
2026-08-14_132024.SH_T171,maker_132024_v01_queue,maker_queue_v1_0,buy_then_sell,0.071,14:54:11,135.246,14:54:21,135.317,opening_inventory_or_cash_capacity_blocked,unreviewed,unreviewed,,
2026-08-14_132024.SH_T172,maker_132024_v01_priority,maker_priority_v1_37_candidate,sell_then_buy,0.016,14:54:21,135.317,14:56:39,135.301,causal_mode_in_review_required,unreviewed,unreviewed,,
2026-08-14_132024.SH_T172,maker_132024_v01_queue,maker_queue_v1_0,sell_then_buy,0.016,14:54:21,135.317,14:56:39,135.301,causal_mode_in_review_required,unreviewed,unreviewed,,
2026-08-14_132024.SH_T173,maker_132024_v01_priority,maker_priority_v1_37_candidate,buy_then_sell,0.199,14:56:39,135.301,15:29:44,135.5,opening_inventory_or_cash_capacity_blocked,unreviewed,unreviewed,,
2026-08-14_132024.SH_T173,maker_132024_v01_queue,maker_queue_v1_0,buy_then_sell,0.199,14:56:39,135.301,15:29:44,135.5,opening_inventory_or_cash_capacity_blocked,unreviewed,unreviewed,,
